chr,start,end,chr_ori,start_ori,stop_ori,type,name,fragment,fragment_start,fragment_end,sequence
chr_artificial_dsDNA,74824,0,chr5,101544,101623,ss,Native_URA-L-17213-MfeI-RC,74824,0,289,TGTCTACTTTAACAATAGAAGTTtATAAGGTTGGGCCTCTTTTAAGAGTACAGGTATAGT
chr_artificial_dsDNA,74825,289,chr5,102473,102552,ss,Native_URA-L-16220-MfeI-RC,74825,289,655,TTGCACCTTTTTGTTATGCCTAAATTACTACAGCTaAATTGAcAATACATGTTTGTGCAT
chr_artificial_dsDNA,74826,655,chr5,103074,103153,ss,Native_URA-L-15683-SspI-RC,74826,655,1021,AGAACTtTCTATTAGGTCGATTAaCAGACATTTCTTGTGCAACGTTGAAtTATTCCAATA
chr_artificial_dsDNA,74827,1021,chr5,108769,108848,ss,Native_URA-L-9924-MfeI-RC,74827,1021,1387,GTAGGTATAGACtGGACAATATGCCGGAATATGTAAGGCAATTaTTCCAAGtTTTGGAAG
chr_artificial_dsDNA,74828,1387,chr5,112161,112240,ss,Native_URA-L-6532-MfeI-RC,74828,1387,1727,TTCTTGACTTgCTTCTTCTTTGGATaCTACATTTGTGCCAtTTGTAaCGGCCTTCAATAC
chr_artificial_dsDNA,74830,1753,chr5,112692,112771,ss,Native_URA-L-6065-SspI-RC,74830,1753,2119,TTTCAtAACTCGAGTTATTTGCGGTACCAaCATgTAAAAGAATAGAAAtTATTCTTGTTA
chr_artificial_dsDNA,74831,2119,chr5,114214,114293,ss,Native_URA-L-4543-SspI-RC,74831,2119,2485,CGTACAATGTTAGTATAtTATTAACAATGTTTAACCATAATTCCTTGGAGAAAATTTTAG
chr_artificial_dsDNA,74832,2485,chr5,115029,115108,ss,Native_URA-L-3728-SspI-RC,74832,2485,2851,tTCTAATAGTCCTAGGACaCACATGAAGTaCTCATTTGTCAAAtTATTGCTGTCTGTCTT
chr_artificial_dsDNA,74833,2851,chr5,115676,115755,ss,Native_URA-L-3081-MfeI-RC,74833,2851,3194,TaAATTGGCGCAGTAGCCTCAATTTCAACGTCGTTTGcCTCTGGTGTTTGTTaATGTGCA
chr_artificial_dsDNA,74835,3217,chr5,116180,116259,ss,Native_URA-L-2599-MfeI-RC,74835,3217,3583,ATTGACGTaCTCCAAaTGGTTaATATGTTTCATTCAGGCTTCTGCCGTTTTGGATTTAAC
chr_artificial_dsDNA,74836,3583,chr5,117155,117234,ss,Native_URA-L-1560-SspI-RC,74836,3583,3949,GCTTAGCGCAGCAGTCAAATAgTGAGTAAATTGGTgCGCAACAATGGTTACTCTTTCATT
chr_artificial_dsDNA,74837,3949,chr5,118005,118084,ss,Native_URA-L-774-MfeI-RC,74837,3949,4315,GAGTAGGGACATACAtTTGGGCACCTAAAAATAATGGTGTAAACATtTCTCTTTaAATTG
chr_artificial_dsDNA,74838,4315,chr5,120217,120296,ss,Native_URA-R-1439-SspI,74838,4315,4681,TTTAACTCGGCTTTAGTTATaCAAGTTACTTGCAtTATTTCCTTCTGCGAGAGTACATTT
chr_artificial_dsDNA,74839,4681,chr5,121440,121519,ss,Native_URA-R-2715-93-SspI,74839,4681,5047,CCAATAACAtTCAGAATAcTTTTATTTTTATGTTGCAAAATAAGCTGTACGACTTTTTTG
chr_artificial_dsDNA,74840,5047,chr5,121668,121747,ss,Native_URA-R-2954-SspI,74840,5047,5413,CAtTATTGTCAGGGGTTAACTTTCCGGTAAACTTCAAAAATGGGGACAAAAGACTAACTT
chr_artificial_dsDNA,74841,5413,chr5,126787,126866,ss,Native_URA-R-8073-SspI,74841,5413,5779,cCTGTGCTTTCTGTTAcCGTATTGGAAtTATTTCCAGCTaGtGTCGAAAaCTTCTTTCAG
chr_artificial_dsDNA,74842,5779,chr5,127806,127885,ss,Native_URA-R-9028-MfeI,74842,5779,6145,TATTCGCAtTTGTCCGGGGCCCATTATgAATAGGTTTTGGGCACTTCGAATATAAAAGCA
chr_artificial_dsDNA,74843,6145,chr5,129019,129098,ss,Native_URA-R-10241-SspI,74843,6145,6511,CCAAATACCTACCAATAACTCAGTCTTTGAtTATTACACATTTAATTCACTCTGCAACTA
chr_artificial_dsDNA,74844,6511,chr5,130830,130909,ss,Native_URA-R-12116-SspI,74844,6511,6877,TACGTCCGTCAaGTCTCTAGAGAGGTACTGGAAaCCcTCTTAATAcTATTACAAAGCCAA
chr_artificial_dsDNA,74845,6877,chr5,132260,132339,ss,Native_URA-R-13482-SspI,74845,6877,7243,TGAAaATaAACCTGTAGAGaATGCAAGTTTGGAATTGTATAtTATTACTCAACAtATTTT
chr_artificial_dsDNA,74846,7243,chr5,132754,132833,ss,Native_URA-R-14040-MfeI,74846,7243,7609,CGTTTTTAGAATATATTGTAATAAAACACAATTaATAATACAGTTgTCTCTTCGTCCTCT
chr_artificial_ssDNA,74848,0,chr5,101544,101623,ss,Probe_URA-L-17213-MfeI-RC,74848,0,289,TGTCTACTTTAACAATAGAAGTTtATAAGGTTGGGCCTCTTTTAAGAGTACAGGTATAGT
chr_artificial_ssDNA,74849,289,chr5,102473,102552,ss,Probe_URA-L-16220-MfeI-RC,74849,289,655,TTGCACCTTTTTGTTATGCCTAAATTACTACAGCTaAATTGAcAATACATGTTTGTGCAT
chr_artificial_ssDNA,74850,655,chr5,103074,103153,ss,Probe_URA-L-15683-SspI-RC,74850,655,1021,AGAACTtTCTATTAGGTCGATTAaCAGACATTTCTTGTGCAACGTTGAAtTATTCCAATA
chr_artificial_ssDNA,74851,1021,chr5,108769,108848,ss,Probe_URA-L-9924-MfeI-RC,74851,1021,1387,GTAGGTATAGACtGGACAATATGCCGGAATATGTAAGGCAATTaTTCCAAGtTTTGGAAG
chr_artificial_ssDNA,74852,1387,chr5,112161,112240,ss,Probe_URA-L-6532-MfeI-RC,74852,1387,1753,TTCTTGACTTgCTTCTTCTTTGGATaCTACATTTGTGCCAtTTGTAaCGGCCTTCAATAC
chr_artificial_ssDNA,74853,1753,chr5,112692,112771,ss,Probe_URA-L-6065-SspI-RC,74853,1753,2119,TTTCAtAACTCGAGTTATTTGCGGTACCAaCATgTAAAAGAATAGAAAtTATTCTTGTTA
chr_artificial_ssDNA,74854,2119,chr5,114214,114293,ss,Probe_URA-L-4543-SspI-RC,74854,2119,2485,CGTACAATGTTAGTATAtTATTAACAATGTTTAACCATAATTCCTTGGAGAAAATTTTAG
chr_artificial_ssDNA,74855,2485,chr5,115029,115108,ss,Probe_URA-L-3728-SspI-RC,74855,2485,2851,tTCTAATAGTCCTAGGACaCACATGAAGTaCTCATTTGTCAAAtTATTGCTGTCTGTCTT
chr_artificial_ssDNA,74856,2851,chr5,115676,115755,ss,Probe_URA-L-3081-MfeI-RC,74856,2851,3217,TaAATTGGCGCAGTAGCCTCAATTTCAACGTCGTTTGcCTCTGGTGTTTGTTaATGTGCA
chr_artificial_ssDNA,74857,3217,chr5,116180,116259,ss,Probe_URA-L-2599-MfeI-RC,74857,3217,3583,ATTGACGTaCTCCAAaTGGTTaATATGTTTCATTCAGGCTTCTGCCGTTTTGGATTTAAC
chr_artificial_ssDNA,74858,3583,chr5,117155,117234,ss,Probe_URA-L-1560-SspI-RC,74858,3583,3949,GCTTAGCGCAGCAGTCAAATAgTGAGTAAATTGGTgCGCAACAATGGTTACTCTTTCATT
chr_artificial_ssDNA,74859,3949,chr5,118005,118084,ss,Probe_URA-L-774-MfeI-RC,74859,3949,4315,GAGTAGGGACATACAtTTGGGCACCTAAAAATAATGGTGTAAACATtTCTCTTTaAATTG
chr_artificial_ssDNA,74860,4315,chr5,120217,120296,ss,Probe_URA-R-1439-SspI,74860,4315,4681,TTTAACTCGGCTTTAGTTATaCAAGTTACTTGCAtTATTTCCTTCTGCGAGAGTACATTT
chr_artificial_ssDNA,74861,4681,chr5,121440,121519,ss,Probe_URA-R-2715-93-SspI,74861,4681,5047,CCAATAACAtTCAGAATAcTTTTATTTTTATGTTGCAAAATAAGCTGTACGACTTTTTTG
chr_artificial_ssDNA,74862,5047,chr5,121668,121747,ss,Probe_URA-R-2954-SspI,74862,5047,5413,CAtTATTGTCAGGGGTTAACTTTCCGGTAAACTTCAAAAATGGGGACAAAAGACTAACTT
chr_artificial_ssDNA,74863,5413,chr5,126787,126866,ss,Probe_URA-R-8073-SspI,74863,5413,5779,cCTGTGCTTTCTGTTAcCGTATTGGAAtTATTTCCAGCTaGtGTCGAAAaCTTCTTTCAG
chr_artificial_ssDNA,74864,5779,chr5,127806,127885,ss,Probe_URA-R-9028-MfeI,74864,5779,6145,TATTCGCAtTTGTCCGGGGCCCATTATgAATAGGTTTTGGGCACTTCGAATATAAAAGCA
chr_artificial_ssDNA,74865,6145,chr5,129019,129098,ss,Probe_URA-R-10241-SspI,74865,6145,6511,CCAAATACCTACCAATAACTCAGTCTTTGAtTATTACACATTTAATTCACTCTGCAACTA
chr_artificial_ssDNA,74866,6511,chr5,130830,130909,ss,Probe_URA-R-12116-SspI,74866,6511,6877,TACGTCCGTCAaGTCTCTAGAGAGGTACTGGAAaCCcTCTTAATAcTATTACAAAGCCAA
chr_artificial_ssDNA,74867,6877,chr5,132260,132339,ss,Probe_URA-R-13482-SspI,74867,6877,7243,TGAAaATaAACCTGTAGAGaATGCAAGTTTGGAATTGTATAtTATTACTCAACAtATTTT
chr_artificial_ssDNA,74868,7243,chr5,132754,132833,ss,Probe_URA-R-14040-MfeI,74868,7243,7609,CGTTTTTAGAATATATTGTAATAAAACACAATTaATAATACAGTTgTCTCTTCGTCCTCT
chr2,650549,650755,chr2,650549,650755,ds,chr2-650593-MET8,5316,650549,650755,CCGAACTGGGACCCCACGAAGAATGAAATTTACGAGTACATCCGCAGTGACTTCAAAGAC
chr4,64397,64699,chr4,64397,64699,ss,chr4-64420-CDC13,8580,64397,64699,CAACTCACTTGTGGATATCTTCAACAATTTAATAGAAATGAATAGAGACGAGAAAAACAG
chr8,140235,140467,chr8,140235,140467,ds,chr8-140404-ARG4-54nt,30716,140235,140467,TGGCTCTTTGTCTTCTTGCATGTCTTTATCATAAGTAGATGGGATACCCTTCAA
chr8,428559,429084,chr8,428559,429084,ds,chr8-428677-DNA2,32508,428559,429084,CTGATGACTACGAAGATGTCCAAAATCCCTCTTCTACACCTATAGTCCCTAATCGACTGA
chr10,449566,449929,chr10,449566,449929,ds,chr10-449622-POL31,38830,449566,449929,GGTGGTTCTGATGAAATTATGCTCGAAGATGAAAGTGGGAGAGTGCTTCTAGTGGGAGAT
chr15,620091,620478,chr15,620091,620478,ds,chr15-620339-PDR5,65846,620091,620478,CTAAAGAAACCAATACTTTCCAAATCTTGAAACCAATGGATGGTTGCCTAAACCCAGGTG
chr15,996325,996743,chr15,996325,996743,ds,chr15-996452-MEK1,68255,996325,996743,ATGAGACCGTTGTATAGCTGCAACCTTGCAACCAAAGATGATATTGAGATGGCAGGTGGC
